Name,Order ID,Order Date,Product ID,City,State
Adwait,80801,01/01/2022,101,Hyderabad,Telangana
Chitra,80802,02/01/2022,102,Bhopal,Madhya Pradesh
Gopal,80803,03/01/2022,103,Bengaluru,Karnataka
Rishabh,80804,04/01/2022,104,Pune,Maharashtra
Madhav,80805,05/01/2022,105,Mathura,Uttar Pradesh
Adwait,80806,06/01/2022,106,Hyderabad,Telangana
Chitra,80807,07/01/2022,107,Bhopal,Madhya Pradesh
Gopal,80808,08/01/2022,108,Bengaluru,Karnataka
Rishabh,80809,09/01/2022,109,Pune,Maharashtra
Madhav,80810,10/01/2022,110,Mathura,Uttar Pradesh
Adwait,80811,11/01/2022,101,Hyderabad,Telangana
Chitra,80812,12/01/2022,102,Bhopal,Madhya Pradesh
Gopal,80813,13/01/2022,103,Bengaluru,Karnataka
Rishabh,80814,14/01/2022,104,Pune,Maharashtra
Madhav,80815,15/01/2022,101,Mathura,Uttar Pradesh
Adwait,80816,16/01/2022,102,Hyderabad,Telangana
Chitra,80817,17/01/2022,101,Bhopal,Madhya Pradesh
Gopal,80818,18/01/2022,102,Bengaluru,Karnataka
Rishabh,80819,19/01/2022,109,Pune,Maharashtra
Madhav,80820,20/01/2022,110,Mathura,Uttar Pradesh
Adwait,80821,21/01/2022,109,Hyderabad,Telangana
Chitra,80822,22/01/2022,110,Bhopal,Madhya Pradesh
Gopal,80823,23/01/2022,110,Bengaluru,Karnataka
Rishabh,80824,24/01/2022,109,Pune,Maharashtra
Madhav,80825,25/01/2022,110,Mathura,Uttar Pradesh
Adwait,80826,26/01/2022,102,Hyderabad,Telangana
Chitra,80827,27/01/2022,103,Bhopal,Madhya Pradesh
Gopal,80828,28/01/2022,104,Bengaluru,Karnataka
Rishabh,80829,29/01/2022,101,Pune,Maharashtra
Madhav,80830,30/01/2022,102,Mathura,Uttar Pradesh
Adwait,80831,31/01/2022,101,Hyderabad,Telangana
Chitra,80832,01/02/2022,102,Bhopal,Madhya Pradesh
Gopal,80833,02/02/2022,109,Bengaluru,Karnataka
Rishabh,80834,03/02/2022,110,Pune,Maharashtra
Madhav,80835,04/02/2022,109,Mathura,Uttar Pradesh
Adwait,80836,05/02/2022,110,Hyderabad,Telangana
Chitra,80837,06/02/2022,107,Bhopal,Madhya Pradesh
Gopal,80838,07/02/2022,108,Bengaluru,Karnataka
Rishabh,80839,08/02/2022,109,Pune,Maharashtra
Adwait,80840,09/02/2022,110,Hyderabad,Telangana
Chitra,80841,10/02/2022,108,Bhopal,Madhya Pradesh
Gopal,80842,11/02/2022,109,Bengaluru,Karnataka
Rishabh,80843,12/02/2022,110,Pune,Maharashtra
Madhav,80844,13/02/2022,109,Mathura,Uttar Pradesh
Adwait,80845,14/02/2022,110,Hyderabad,Telangana
Chitra,80846,15/02/2022,110,Bhopal,Madhya Pradesh
Gopal,80847,16/02/2022,109,Bengaluru,Karnataka
Rishabh,80848,17/02/2022,110,Pune,Maharashtra
Adwait,80849,18/02/2022,107,Hyderabad,Telangana
Chitra,80850,19/02/2022,108,Bhopal,Madhya Pradesh
Gopal,80851,20/02/2022,109,Bengaluru,Karnataka
Rishabh,80852,21/02/2022,110,Pune,Maharashtra
Madhav,80853,22/02/2022,108,Mathura,Uttar Pradesh
Adwait,80854,23/02/2022,109,Hyderabad,Telangana
Chitra,80855,24/02/2022,110,Bhopal,Madhya Pradesh
Gopal,80856,25/02/2022,109,Bengaluru,Karnataka
Rishabh,80857,26/02/2022,110,Pune,Maharashtra
Madhav,80858,27/02/2022,101,Mathura,Uttar Pradesh
Adwait,80859,28/02/2022,102,Hyderabad,Telangana
Chitra,80860,01/03/2022,103,Bhopal,Madhya Pradesh
Adwait,80861,02/03/2022,104,Hyderabad,Telangana
Chitra,80862,03/03/2022,105,Bhopal,Madhya Pradesh
Gopal,80863,04/03/2022,106,Bengaluru,Karnataka
Adwait,80864,05/03/2022,107,Hyderabad,Telangana
Chitra,80865,06/03/2022,108,Bhopal,Madhya Pradesh
Gopal,80866,07/03/2022,109,Bengaluru,Karnataka
Rishabh,80867,08/03/2022,110,Pune,Maharashtra
Madhav,80868,09/03/2022,105,Mathura,Uttar Pradesh
Adwait,80869,10/03/2022,106,Hyderabad,Telangana
Chitra,80870,11/03/2022,107,Bhopal,Madhya Pradesh
Gopal,80871,12/03/2022,108,Bengaluru,Karnataka
Rishabh,80872,13/03/2022,109,Pune,Maharashtra
Madhav,80873,14/03/2022,110,Mathura,Uttar Pradesh
Adwait,80874,15/03/2022,101,Hyderabad,Telangana
Chitra,80875,16/03/2022,102,Bhopal,Madhya Pradesh
Gopal,80876,17/03/2022,103,Bengaluru,Karnataka
Rishabh,80877,18/03/2022,104,Pune,Maharashtra
Madhav,80878,19/03/2022,105,Mathura,Uttar Pradesh
Adwait,80879,20/03/2022,106,Hyderabad,Telangana
Chitra,80880,21/03/2022,107,Bhopal,Madhya Pradesh
Gopal,80881,22/03/2022,108,Bengaluru,Karnataka
Rishabh,80882,23/03/2022,101,Pune,Maharashtra
Madhav,80883,24/03/2022,102,Mathura,Uttar Pradesh
Adwait,80884,25/03/2022,103,Hyderabad,Telangana
Chitra,80885,26/03/2022,104,Bhopal,Madhya Pradesh
Gopal,80886,27/03/2022,105,Bengaluru,Karnataka
Adwait,80887,28/03/2022,106,Hyderabad,Telangana
Chitra,80888,29/03/2022,107,Bhopal,Madhya Pradesh
Gopal,80889,30/03/2022,108,Bengaluru,Karnataka
Rishabh,80890,31/03/2022,109,Pune,Maharashtra
Madhav,80891,31/03/2022,110,Mathura,Uttar Pradesh
Adwait,80892,31/03/2022,101,Hyderabad,Telangana
Chitra,80893,31/03/2022,102,Bhopal,Madhya Pradesh
Gopal,80894,31/03/2022,103,Bengaluru,Karnataka
Rishabh,80895,31/03/2022,104,Pune,Maharashtra
Madhav,80896,31/03/2022,105,Mathura,Uttar Pradesh
Adwait,80897,31/03/2022,106,Hyderabad,Telangana
Chitra,80898,31/03/2022,107,Bhopal,Madhya Pradesh
Gopal,80899,31/03/2022,108,Bengaluru,Karnataka
Rishabh,80900,31/03/2022,109,Pune,Maharashtra
